{"registrationAuthority": "神木县工商行政管理局", "name": "榆林市九龙房地产代理有限公司神木分公司", "business": "房屋租赁、过户、抵押贷款中介服务、二手房中介;营销策划(依法须经批准的项目,经相关部门批准后方可开展经营活动)", "operStatus": "存续", "enterpriseType": "有限责任公司分公司(自然人投资或控股)", "businessTerm": {"min": "2012-11-15"}, "foundTime": "2012-11-15", "licensingDate": "2014-07-31", "legalRepresentative": "白鹏", "regNumber": "612722200005253", "address": "陕西省榆林市神木县人民路", "alterationList": [{"alterItem": "经营范围(业务范围)变更", "alterDate": "2015-08-14", "preAlter": "经营范围: 饮食服务。（餐饮证有效期至2015-08-08）行业代码: 6210", "postAlter": "房屋租赁、过户、抵押贷款中介服务、二手房中介;营销策划(依法须经批准的项目,经相关部门批准后方可开展经营活动)"}
